-- --------------------------------------------------------
-- Host:                         127.0.0.1
-- Server version:               10.3.13-MariaDB - mariadb.org binary distribution
-- Server OS:                    Win64
-- HeidiSQL Version:             10.1.0.5464
-- --------------------------------------------------------

/*!40101 SET @OLD_CHARACTER_SET_CLIENT=@@CHARACTER_SET_CLIENT */;
/*!40101 SET NAMES utf8 */;
/*!50503 SET NAMES utf8mb4 */;
/*!40014 SET @OLD_FOREIGN_KEY_CHECKS=@@FOREIGN_KEY_CHECKS, FOREIGN_KEY_CHECKS=0 */;
/*!40101 SET @OLD_SQL_MODE=@@SQL_MODE, SQL_MODE='NO_AUTO_VALUE_ON_ZERO' */;

-- Dumping data for table dataset_app_db.audios: ~218 rows (approximately)
/*!40000 ALTER TABLE `audios` DISABLE KEYS */;
INSERT INTO `audios` (`Guid`, `FileName`, `Speaker_Guid`, `Text_Guid`) VALUES
	('0144c42e-74e2-4aca-961a-dc6de9eb321f', '13_1582357435', 'a63b67a0-c202-4412-b406-ad2c0afb874f', '7a43395d-22a9-4a4a-86ae-e0b8c0d4da45'),
	('032f3dae-41b5-4ff8-bb1e-5a2ef9640e5c', '15_1581732009', '77253aa4-96fa-44f2-9012-bf7b4f6da061', '578c9666-a1e1-495c-94fc-a02d0240f501'),
	('055c9324-75ce-453a-82d2-e6e1c2221bfe', '16_1580490862', 'dcecd04e-0ae8-4c24-ad95-04603f6352d4', '17f97035-b481-4f8c-b4a0-997cd415a419'),
	('058c5ff7-f487-4b23-93bd-54d573ccff9b', '11_1582346954', 'a1f04af9-1911-499a-89d3-0bcaac56384a', 'ae54b7a6-9582-4651-b784-daed3e5079ab'),
	('081fd1ff-d8e7-42f3-9a2b-cd76660daa1f', '14_1582357511', 'a63b67a0-c202-4412-b406-ad2c0afb874f', '2d491fa6-ca93-43db-bfe4-a786de3a70d6'),
	('092f2937-68ee-4738-941e-8d7e7894b346', '15_1582608743', '7c66de4e-eed8-45b7-915c-bf14c961bce5', '578c9666-a1e1-495c-94fc-a02d0240f501'),
	('093562bc-d5ad-480b-9b2c-71b93cafb896', '11_1581731969', '77253aa4-96fa-44f2-9012-bf7b4f6da061', 'ae54b7a6-9582-4651-b784-daed3e5079ab'),
	('0aa8dbdb-0d8a-45f0-9551-2f01c3a776c3', '16_1583479548', '2d88e389-edab-461f-966c-3db1190f97cf', '17f97035-b481-4f8c-b4a0-997cd415a419'),
	('0b782b67-3d20-44c2-8dfd-4a515c73cebf', '16_1582735304', 'a1f04af9-1911-499a-89d3-0bcaac56384a', '17f97035-b481-4f8c-b4a0-997cd415a419'),
	('0ba5ad34-93ad-4672-879d-6305f776c1ed', '17_1580701454', '5bc59330-f698-4fd3-a9fd-8b262fef7b7d', 'a8d00680-167c-4b6a-b07f-30e9c4f634d5'),
	('0dcbad55-07ab-4f6e-84a4-119cfb6b859d', '10_1582346929', 'a1f04af9-1911-499a-89d3-0bcaac56384a', 'bb2834da-ed24-4b33-9897-0d2bd4e45a8f'),
	('0e29d513-510d-4566-9cac-88acf3bbe02d', '12_1582735254', 'a1f04af9-1911-499a-89d3-0bcaac56384a', 'be44ce99-8d16-470d-bd8c-afdded418664'),
	('1164b927-bb36-48b9-9438-6ab905a07aab', '16_1583497812', '4579dbf3-8d61-4a4f-b0ec-b0d7055e9611', '17f97035-b481-4f8c-b4a0-997cd415a419'),
	('11c71ca3-ce32-4c90-a13a-f5bba06e471a', '10_1582343862', '4f249af7-2c49-4044-be9b-fbf55527b02b', 'bb2834da-ed24-4b33-9897-0d2bd4e45a8f'),
	('139c09e0-c5e2-4e6a-8b6d-0c31920e77dc', '9_1580701657', '5bc59330-f698-4fd3-a9fd-8b262fef7b7d', 'ffbbe178-b7a6-454a-b108-6be068eeeb9c'),
	('148af985-a6aa-4582-841d-79e798f13345', '11_1580490814', 'dcecd04e-0ae8-4c24-ad95-04603f6352d4', 'ae54b7a6-9582-4651-b784-daed3e5079ab'),
	('14ab2b87-165b-4042-a133-a409f288f348', '10_1580701475', '5bc59330-f698-4fd3-a9fd-8b262fef7b7d', 'bb2834da-ed24-4b33-9897-0d2bd4e45a8f'),
	('15d8bf7c-5313-4bf1-ae35-8b8d05904554', '17_1580490800', 'dcecd04e-0ae8-4c24-ad95-04603f6352d4', 'a8d00680-167c-4b6a-b07f-30e9c4f634d5'),
	('18058b8d-0b02-4eed-9c57-3a3708ecdeac', '8_1582607956', '2419600f-49ea-495c-a6bd-59ed1de2f20c', '8b671136-f553-46e4-8396-8d9009885ec1'),
	('195fb840-4c9d-4474-a281-381ef3ac816d', '13_1582735198', 'a1f04af9-1911-499a-89d3-0bcaac56384a', '7a43395d-22a9-4a4a-86ae-e0b8c0d4da45'),
	('1adaa19d-87c7-4618-8e69-35b28804fd0b', '18_1582357671', 'a63b67a0-c202-4412-b406-ad2c0afb874f', '78b8dca3-950f-47f5-bd13-774f629fa3c2'),
	('1b5456b9-02c2-4c3b-a328-c73c2e5bd351', '18_1582346899', 'a1f04af9-1911-499a-89d3-0bcaac56384a', '78b8dca3-950f-47f5-bd13-774f629fa3c2'),
	('1b588de1-deb2-4762-9a5d-8f3fc3c0f16e', '16_1580701571', '5bc59330-f698-4fd3-a9fd-8b262fef7b7d', '17f97035-b481-4f8c-b4a0-997cd415a419'),
	('1de4a505-5e3f-4c32-a9bb-02066880d8cd', '11_1580701489', '5bc59330-f698-4fd3-a9fd-8b262fef7b7d', 'ae54b7a6-9582-4651-b784-daed3e5079ab'),
	('1e2760fb-1b5a-4a81-8f24-c7039d261e47', '16_1581732028', '77253aa4-96fa-44f2-9012-bf7b4f6da061', '17f97035-b481-4f8c-b4a0-997cd415a419'),
	('1f431994-d292-4caa-b542-c10b9c29e488', '9_1583497792', 'eacf0304-09c7-4d47-8e61-f0854a4cc979', 'ffbbe178-b7a6-454a-b108-6be068eeeb9c'),
	('1fb20b94-23ef-4be2-9724-28f7e7c350dc', '13_1581578516', '77253aa4-96fa-44f2-9012-bf7b4f6da061', '7a43395d-22a9-4a4a-86ae-e0b8c0d4da45'),
	('214149dd-f565-4354-9bac-f9c408f099ed', '18_1581731909', '77253aa4-96fa-44f2-9012-bf7b4f6da061', '78b8dca3-950f-47f5-bd13-774f629fa3c2'),
	('21a7dec3-447d-404b-aa9a-57bdf351887c', '12_1582607775', '2419600f-49ea-495c-a6bd-59ed1de2f20c', 'be44ce99-8d16-470d-bd8c-afdded418664'),
	('22bb4a66-70aa-46f3-9009-7609cd27a6bb', '12_1582357423', 'a63b67a0-c202-4412-b406-ad2c0afb874f', 'be44ce99-8d16-470d-bd8c-afdded418664'),
	('23de27bd-0fde-4f82-bfa4-8a29ab926b9e', '10_1582607991', '2419600f-49ea-495c-a6bd-59ed1de2f20c', 'bb2834da-ed24-4b33-9897-0d2bd4e45a8f'),
	('2542c04f-88f0-4afe-a747-4ae0908b4008', '13_1583497946', '4579dbf3-8d61-4a4f-b0ec-b0d7055e9611', '7a43395d-22a9-4a4a-86ae-e0b8c0d4da45'),
	('2a709122-b6d6-4546-ac9d-6cd890aa1672', '16_1582357491', 'a63b67a0-c202-4412-b406-ad2c0afb874f', '17f97035-b481-4f8c-b4a0-997cd415a419'),
	('2a7874c8-cbdd-407e-bd56-83d4ceae43a0', '11_1582607892', '2419600f-49ea-495c-a6bd-59ed1de2f20c', 'ae54b7a6-9582-4651-b784-daed3e5079ab'),
	('2ad6dfa0-89ad-4dca-ba6b-6973d834fb92', '9_1581578524', '77253aa4-96fa-44f2-9012-bf7b4f6da061', 'ffbbe178-b7a6-454a-b108-6be068eeeb9c'),
	('2b099d08-418f-408c-9893-4fba4f0112a4', '13_1580701682', '5bc59330-f698-4fd3-a9fd-8b262fef7b7d', '7a43395d-22a9-4a4a-86ae-e0b8c0d4da45'),
	('2df6b91c-8829-4e24-9be5-c4f654a9f47a', '17_1580701344', '5bc59330-f698-4fd3-a9fd-8b262fef7b7d', 'a8d00680-167c-4b6a-b07f-30e9c4f634d5'),
	('2faa7731-8191-440b-bb7e-8f86fe8ae259', '12_1580701500', '5bc59330-f698-4fd3-a9fd-8b262fef7b7d', 'be44ce99-8d16-470d-bd8c-afdded418664'),
	('2feabede-d46a-4001-9303-0dc23f00b4f3', '11_1583497818', 'eacf0304-09c7-4d47-8e61-f0854a4cc979', 'ae54b7a6-9582-4651-b784-daed3e5079ab'),
	('3023cd80-0fe6-4c0b-a7c6-bff1f3bb182e', '18_1580701206', '5bc59330-f698-4fd3-a9fd-8b262fef7b7d', '78b8dca3-950f-47f5-bd13-774f629fa3c2'),
	('30470fa0-fd12-4ea8-b9bd-2f77eb33ed4a', '14_1580701689', '5bc59330-f698-4fd3-a9fd-8b262fef7b7d', '2d491fa6-ca93-43db-bfe4-a786de3a70d6'),
	('30921534-f128-485d-b724-bdca9b9e5124', '18_1580490757', 'dcecd04e-0ae8-4c24-ad95-04603f6352d4', '78b8dca3-950f-47f5-bd13-774f629fa3c2'),
	('342c7784-13d2-443e-bb7a-fa5fd4bbbe8c', '18_1580701337', '5bc59330-f698-4fd3-a9fd-8b262fef7b7d', '78b8dca3-950f-47f5-bd13-774f629fa3c2'),
	('366dda2a-36e9-4214-9b2f-8cb6b2d8984b', '15_1582357389', 'a63b67a0-c202-4412-b406-ad2c0afb874f', '578c9666-a1e1-495c-94fc-a02d0240f501'),
	('38a00c9d-4aea-4d17-b465-59332a8e58bc', '10_1580701595', '5bc59330-f698-4fd3-a9fd-8b262fef7b7d', 'bb2834da-ed24-4b33-9897-0d2bd4e45a8f'),
	('3a9fbebc-98f3-4ee2-81cf-9e67e27380f0', '10_1583497915', '4579dbf3-8d61-4a4f-b0ec-b0d7055e9611', 'bb2834da-ed24-4b33-9897-0d2bd4e45a8f'),
	('3acbe937-5bae-4290-b799-3794dc774641', '8_1583497705', '4579dbf3-8d61-4a4f-b0ec-b0d7055e9611', '8b671136-f553-46e4-8396-8d9009885ec1'),
	('3b4dbdd3-d306-448a-87cb-a3b5e709d6d4', '16_1581578486', '77253aa4-96fa-44f2-9012-bf7b4f6da061', '17f97035-b481-4f8c-b4a0-997cd415a419'),
	('3c3b8edf-053b-40f8-80cf-e29eda90d9d6', '11_1580701604', '5bc59330-f698-4fd3-a9fd-8b262fef7b7d', 'ae54b7a6-9582-4651-b784-daed3e5079ab'),
	('3c961bb1-6cb5-4eb4-8191-03c79650d6c4', '12_1580490834', 'dcecd04e-0ae8-4c24-ad95-04603f6352d4', 'be44ce99-8d16-470d-bd8c-afdded418664'),
	('3d74a9fb-0297-46fa-87c9-a62ba0e2b0a8', '12_1581731979', '77253aa4-96fa-44f2-9012-bf7b4f6da061', 'be44ce99-8d16-470d-bd8c-afdded418664'),
	('41059e89-20a4-4c54-a217-6d02cc29fb37', '15_1582357658', 'a63b67a0-c202-4412-b406-ad2c0afb874f', '578c9666-a1e1-495c-94fc-a02d0240f501'),
	('419bd9cf-cb16-45de-8f8d-43152fdb1381', '17_1582344194', '4f249af7-2c49-4044-be9b-fbf55527b02b', 'a8d00680-167c-4b6a-b07f-30e9c4f634d5'),
	('432b6c69-fabc-4e89-b082-f2cb11c8b5dd', '13_1580701264', '5bc59330-f698-4fd3-a9fd-8b262fef7b7d', '7a43395d-22a9-4a4a-86ae-e0b8c0d4da45'),
	('437c6d75-b263-47f0-b65b-c0ba6a96af86', '13_1580701516', '5bc59330-f698-4fd3-a9fd-8b262fef7b7d', '7a43395d-22a9-4a4a-86ae-e0b8c0d4da45'),
	('439ebb17-774d-4003-a51d-694e0538dde5', '8_1583497901', '4579dbf3-8d61-4a4f-b0ec-b0d7055e9611', '8b671136-f553-46e4-8396-8d9009885ec1'),
	('459a6018-20e0-4a1f-9b4c-f0272761dc8a', '8_1580701430', '5bc59330-f698-4fd3-a9fd-8b262fef7b7d', '8b671136-f553-46e4-8396-8d9009885ec1'),
	('4641c046-ebe1-4aaa-b1f2-96849ad32661', '18_1583497990', '4579dbf3-8d61-4a4f-b0ec-b0d7055e9611', '78b8dca3-950f-47f5-bd13-774f629fa3c2'),
	('46f6c413-bde4-4ebd-9f4e-7b965e079fce', '13_1581731989', '77253aa4-96fa-44f2-9012-bf7b4f6da061', '7a43395d-22a9-4a4a-86ae-e0b8c0d4da45'),
	('47b64c3c-e1f9-4578-a074-e17581e60643', '16_1582344187', '4f249af7-2c49-4044-be9b-fbf55527b02b', '17f97035-b481-4f8c-b4a0-997cd415a419'),
	('496b6f8d-aa37-427d-a088-2036586a52e4', '13_1582607803', '2419600f-49ea-495c-a6bd-59ed1de2f20c', '7a43395d-22a9-4a4a-86ae-e0b8c0d4da45'),
	('4aa08231-c906-4ecb-9693-b6615d4446d4', '17_1583497829', '4579dbf3-8d61-4a4f-b0ec-b0d7055e9611', 'a8d00680-167c-4b6a-b07f-30e9c4f634d5'),
	('4ae1af61-53c1-48d1-9109-076e934778ee', '14_1581731950', '77253aa4-96fa-44f2-9012-bf7b4f6da061', '2d491fa6-ca93-43db-bfe4-a786de3a70d6'),
	('4c20fcfc-4095-45c9-a07f-198262e60692', '15_1580701624', '5bc59330-f698-4fd3-a9fd-8b262fef7b7d', '578c9666-a1e1-495c-94fc-a02d0240f501'),
	('4d148fb0-7ca1-44a4-986a-75ad50f659d0', '14_1582607940', '2419600f-49ea-495c-a6bd-59ed1de2f20c', '2d491fa6-ca93-43db-bfe4-a786de3a70d6'),
	('509ec6f9-05e9-4e4f-ae5b-ba6f99836cfd', '17_1583497783', 'eacf0304-09c7-4d47-8e61-f0854a4cc979', 'a8d00680-167c-4b6a-b07f-30e9c4f634d5'),
	('50edc0b5-054f-4114-8443-ef7cb25f78c0', '9_1582346881', 'a1f04af9-1911-499a-89d3-0bcaac56384a', 'ffbbe178-b7a6-454a-b108-6be068eeeb9c'),
	('52d7e0d6-9d7b-44c2-8559-725d27aa7ee1', '15_1580490826', 'dcecd04e-0ae8-4c24-ad95-04603f6352d4', '578c9666-a1e1-495c-94fc-a02d0240f501'),
	('54f82249-2d9a-4f1d-b9bb-96ee455670ad', '14_1580490841', 'dcecd04e-0ae8-4c24-ad95-04603f6352d4', '2d491fa6-ca93-43db-bfe4-a786de3a70d6'),
	('56882d94-2a8f-4b0b-9c3e-c3f27280baea', '10_1582607885', '2419600f-49ea-495c-a6bd-59ed1de2f20c', 'bb2834da-ed24-4b33-9897-0d2bd4e45a8f'),
	('570fc7d8-3435-4f3d-bced-653a09b47422', '11_1581578567', '77253aa4-96fa-44f2-9012-bf7b4f6da061', 'ae54b7a6-9582-4651-b784-daed3e5079ab'),
	('57c7cbb6-1a88-4daa-9fc3-b2f09e8b8fc0', '16_1582607835', '2419600f-49ea-495c-a6bd-59ed1de2f20c', '17f97035-b481-4f8c-b4a0-997cd415a419'),
	('58529fe6-a8ff-4a07-bc9e-bd5ab92ed493', '16_1582357664', 'a63b67a0-c202-4412-b406-ad2c0afb874f', '17f97035-b481-4f8c-b4a0-997cd415a419'),
	('58578a2b-08aa-4e2e-82c2-69155dc613e0', '8_1582607827', '2419600f-49ea-495c-a6bd-59ed1de2f20c', '8b671136-f553-46e4-8396-8d9009885ec1'),
	('58817ea1-64aa-44d3-9e2b-c20d5d525178', '15_1583497779', '4579dbf3-8d61-4a4f-b0ec-b0d7055e9611', '578c9666-a1e1-495c-94fc-a02d0240f501'),
	('5977984c-b3a2-45c4-8ca8-439f225f0e3e', '10_1580701368', '5bc59330-f698-4fd3-a9fd-8b262fef7b7d', 'bb2834da-ed24-4b33-9897-0d2bd4e45a8f'),
	('59a97287-0657-440b-bc34-c40b76418c30', '18_1580490749', 'dcecd04e-0ae8-4c24-ad95-04603f6352d4', '78b8dca3-950f-47f5-bd13-774f629fa3c2'),
	('59d48071-fbfc-4f50-93ac-06302741428c', '17_1582357361', 'a63b67a0-c202-4412-b406-ad2c0afb874f', 'a8d00680-167c-4b6a-b07f-30e9c4f634d5'),
	('5bc556ea-91c1-4d3b-bd44-fdfd467565cf', '16_1583497976', '4579dbf3-8d61-4a4f-b0ec-b0d7055e9611', '17f97035-b481-4f8c-b4a0-997cd415a419'),
	('5e1b3b14-750a-4da9-b15e-61c68f94cb31', '18_1580701440', '5bc59330-f698-4fd3-a9fd-8b262fef7b7d', '78b8dca3-950f-47f5-bd13-774f629fa3c2'),
	('5e7c2333-6443-4b45-a472-e1b1a5e66adc', '14_1583479542', '7c66de4e-eed8-45b7-915c-bf14c961bce5', '2d491fa6-ca93-43db-bfe4-a786de3a70d6'),
	('5f34b71e-c4ed-4e1b-b3d9-4c6e8826e54e', '11_1580701301', '5bc59330-f698-4fd3-a9fd-8b262fef7b7d', 'ae54b7a6-9582-4651-b784-daed3e5079ab'),
	('60981386-7690-4f56-84e9-519a95ba043b', '16_1582343711', '4f249af7-2c49-4044-be9b-fbf55527b02b', '17f97035-b481-4f8c-b4a0-997cd415a419'),
	('611a9295-d169-45e3-b46c-12db89e6b7cf', '10_1582735234', 'a1f04af9-1911-499a-89d3-0bcaac56384a', 'bb2834da-ed24-4b33-9897-0d2bd4e45a8f'),
	('6612393c-1ab7-4cdc-a861-d4a35a05bcae', '9_1583479568', '2d88e389-edab-461f-966c-3db1190f97cf', 'ffbbe178-b7a6-454a-b108-6be068eeeb9c'),
	('69b0c66a-40bc-4d70-8ea7-3abbe8703677', '14_1580701642', '5bc59330-f698-4fd3-a9fd-8b262fef7b7d', '2d491fa6-ca93-43db-bfe4-a786de3a70d6'),
	('69efab45-c925-413b-8f9d-82acefbad623', '16_1583497724', '4579dbf3-8d61-4a4f-b0ec-b0d7055e9611', '17f97035-b481-4f8c-b4a0-997cd415a419'),
	('6a21bf26-9814-4114-97f8-4b489d3b4203', '13_1583479535', '7c66de4e-eed8-45b7-915c-bf14c961bce5', '7a43395d-22a9-4a4a-86ae-e0b8c0d4da45'),
	('6adef4c1-ee5f-45bc-b36e-c281c04e6570', '9_1580490793', 'dcecd04e-0ae8-4c24-ad95-04603f6352d4', 'ffbbe178-b7a6-454a-b108-6be068eeeb9c'),
	('6b49bd70-3bce-4a65-8c59-e1a1f7bebdf9', '17_1582607748', '2419600f-49ea-495c-a6bd-59ed1de2f20c', 'a8d00680-167c-4b6a-b07f-30e9c4f634d5'),
	('6c27e091-d5cc-4c0d-a878-b867fbd65503', '8_1580701555', '5bc59330-f698-4fd3-a9fd-8b262fef7b7d', '8b671136-f553-46e4-8396-8d9009885ec1'),
	('6d8e67cd-f610-487e-9f37-410821996332', '10_1580490808', 'dcecd04e-0ae8-4c24-ad95-04603f6352d4', 'bb2834da-ed24-4b33-9897-0d2bd4e45a8f'),
	('6de531a2-14c2-42ac-89f8-886d443e6f85', '16_1583479452', '7c66de4e-eed8-45b7-915c-bf14c961bce5', '17f97035-b481-4f8c-b4a0-997cd415a419'),
	('6f966e71-0cb7-4582-a3b7-4b4fe9d4a3a0', '11_1580701377', '5bc59330-f698-4fd3-a9fd-8b262fef7b7d', 'ae54b7a6-9582-4651-b784-daed3e5079ab'),
	('72a69dda-66c1-4dd3-a062-07249ab58d92', '10_1580701284', '5bc59330-f698-4fd3-a9fd-8b262fef7b7d', 'bb2834da-ed24-4b33-9897-0d2bd4e45a8f'),
	('74429f6b-b8b1-4682-9478-b903ff0f8d13', '15_1582735294', 'a1f04af9-1911-499a-89d3-0bcaac56384a', '578c9666-a1e1-495c-94fc-a02d0240f501'),
	('74600fb7-07c7-4424-8bba-27df1a5cc190', '13_1582607921', '2419600f-49ea-495c-a6bd-59ed1de2f20c', '7a43395d-22a9-4a4a-86ae-e0b8c0d4da45'),
	('74e82e11-6571-4c8b-a3ce-6989600e3afd', '10_1582347110', 'a1f04af9-1911-499a-89d3-0bcaac56384a', 'bb2834da-ed24-4b33-9897-0d2bd4e45a8f'),
	('76077efc-f58a-4b0c-93fb-9835f29232db', '18_1581353531', '77253aa4-96fa-44f2-9012-bf7b4f6da061', '78b8dca3-950f-47f5-bd13-774f629fa3c2'),
	('76b1e005-6103-4a91-a3ad-7c6734fa2c07', '11_1583479815', '2d88e389-edab-461f-966c-3db1190f97cf', 'ae54b7a6-9582-4651-b784-daed3e5079ab'),
	('779b943f-553a-4555-a0e8-6fc1959d5107', '15_1580701292', '5bc59330-f698-4fd3-a9fd-8b262fef7b7d', '578c9666-a1e1-495c-94fc-a02d0240f501'),
	('77dc2bd0-9110-4172-aebd-f74903b5032b', '8_1580701330', '5bc59330-f698-4fd3-a9fd-8b262fef7b7d', '8b671136-f553-46e4-8396-8d9009885ec1'),
	('77dd9952-3805-4e8d-8dfa-57f8e0f9c952', '15_1581578598', '77253aa4-96fa-44f2-9012-bf7b4f6da061', '578c9666-a1e1-495c-94fc-a02d0240f501'),
	('787c9492-cece-44f0-b2d8-b149778236fc', '16_1580701242', '5bc59330-f698-4fd3-a9fd-8b262fef7b7d', '17f97035-b481-4f8c-b4a0-997cd415a419'),
	('7956381a-0cfe-4d52-9b8d-b28c8778a69e', '17_1582357605', '09e869e9-b45b-4899-8b39-bb70a7b37ec1', 'a8d00680-167c-4b6a-b07f-30e9c4f634d5'),
	('7bf916b9-093a-4aca-8830-eaaef8be0e7c', '9_1581578546', '77253aa4-96fa-44f2-9012-bf7b4f6da061', 'ffbbe178-b7a6-454a-b108-6be068eeeb9c'),
	('7c14ed13-8261-4e03-aa21-87837354478d', '8_1581731957', '77253aa4-96fa-44f2-9012-bf7b4f6da061', '8b671136-f553-46e4-8396-8d9009885ec1'),
	('7cc10d20-a6e8-489e-9c67-f4feb936434c', '12_1582357505', 'a63b67a0-c202-4412-b406-ad2c0afb874f', 'be44ce99-8d16-470d-bd8c-afdded418664'),
	('7dca759d-f8be-4c49-a6cc-c202af5e8902', '15_1580701696', '5bc59330-f698-4fd3-a9fd-8b262fef7b7d', '578c9666-a1e1-495c-94fc-a02d0240f501'),
	('7ea3d980-5694-4eb8-857a-b8ee8f0628f9', '13_1582343928', '4f249af7-2c49-4044-be9b-fbf55527b02b', '7a43395d-22a9-4a4a-86ae-e0b8c0d4da45'),
	('7f196db0-449f-4a1b-a879-e4edd628213e', '14_1582344168', '4f249af7-2c49-4044-be9b-fbf55527b02b', '2d491fa6-ca93-43db-bfe4-a786de3a70d6'),
	('7f4fa6ad-ede7-4a37-b849-922f69bdf15d', '18_1582735321', 'a1f04af9-1911-499a-89d3-0bcaac56384a', '78b8dca3-950f-47f5-bd13-774f629fa3c2'),
	('80d2d59c-4c4b-4318-a979-e4af8870460e', '10_1582605560', '7c66de4e-eed8-45b7-915c-bf14c961bce5', 'bb2834da-ed24-4b33-9897-0d2bd4e45a8f'),
	('8344e5d0-b934-4863-bb62-adb38f972daa', '12_1582343915', '4f249af7-2c49-4044-be9b-fbf55527b02b', 'be44ce99-8d16-470d-bd8c-afdded418664'),
	('851b0e7b-66e1-45b6-9c62-1e80e2e0e968', '12_1582347158', 'a1f04af9-1911-499a-89d3-0bcaac56384a', 'be44ce99-8d16-470d-bd8c-afdded418664'),
	('8542b50b-bdf4-4a42-bdd5-c71495426829', '16_1580701702', '5bc59330-f698-4fd3-a9fd-8b262fef7b7d', '17f97035-b481-4f8c-b4a0-997cd415a419'),
	('865a4a1c-fed9-444c-b6b5-57fdaa0a8cfd', '8_1582281679', '2419600f-49ea-495c-a6bd-59ed1de2f20c', '8b671136-f553-46e4-8396-8d9009885ec1'),
	('86980040-d6ff-4b67-a1b6-01739af8c770', '18_1582357442', 'a63b67a0-c202-4412-b406-ad2c0afb874f', '78b8dca3-950f-47f5-bd13-774f629fa3c2'),
	('8704773e-1b44-4e90-ad94-19f9ce73667b', '18_1583479716', '2d88e389-edab-461f-966c-3db1190f97cf', '78b8dca3-950f-47f5-bd13-774f629fa3c2'),
	('885c439c-2825-4ce0-8c66-9aac13373d2b', '15_1582357396', 'a63b67a0-c202-4412-b406-ad2c0afb874f', '578c9666-a1e1-495c-94fc-a02d0240f501'),
	('8920eed0-5ba4-4727-a593-7f31fd3d9e7c', '9_1582735226', 'a1f04af9-1911-499a-89d3-0bcaac56384a', 'ffbbe178-b7a6-454a-b108-6be068eeeb9c'),
	('89e4c921-26a8-459d-902a-0e7d813c6c2d', '14_1580701313', '5bc59330-f698-4fd3-a9fd-8b262fef7b7d', '2d491fa6-ca93-43db-bfe4-a786de3a70d6'),
	('8beac81a-bf49-40c1-9dbe-34907e912ffe', '11_1582607999', '2419600f-49ea-495c-a6bd-59ed1de2f20c', 'ae54b7a6-9582-4651-b784-daed3e5079ab'),
	('8ed4c536-6967-4ba1-94b1-4bc7a294647b', '17_1583479559', '2d88e389-edab-461f-966c-3db1190f97cf', 'a8d00680-167c-4b6a-b07f-30e9c4f634d5'),
	('8f29b8d6-5436-473f-b121-2515c5746e92', '12_1580701321', '5bc59330-f698-4fd3-a9fd-8b262fef7b7d', 'be44ce99-8d16-470d-bd8c-afdded418664'),
	('9279f8a9-b157-4f96-bfa9-7f97095f534b', '15_1580701395', '5bc59330-f698-4fd3-a9fd-8b262fef7b7d', '578c9666-a1e1-495c-94fc-a02d0240f501'),
	('93365132-730c-47be-803e-87fd17f1d0d8', '16_1580701447', '5bc59330-f698-4fd3-a9fd-8b262fef7b7d', '17f97035-b481-4f8c-b4a0-997cd415a419'),
	('93f87927-9298-4994-86d3-24e0b9cd490d', '18_1581732045', '77253aa4-96fa-44f2-9012-bf7b4f6da061', '78b8dca3-950f-47f5-bd13-774f629fa3c2'),
	('97b0d2bf-a1e2-49e3-a01d-bd1dad8a7f54', '12_1582607899', '2419600f-49ea-495c-a6bd-59ed1de2f20c', 'be44ce99-8d16-470d-bd8c-afdded418664'),
	('97d7f714-5a5a-4e15-afdb-123c204b0bee', '8_1583479550', '7c66de4e-eed8-45b7-915c-bf14c961bce5', '8b671136-f553-46e4-8396-8d9009885ec1'),
	('97f4586b-cb7f-4e91-b357-f4e5a4d6de45', '12_1580701612', '5bc59330-f698-4fd3-a9fd-8b262fef7b7d', 'be44ce99-8d16-470d-bd8c-afdded418664'),
	('98e732a2-4b52-41b5-9e7d-f574c14add38', '16_1582346788', 'a1f04af9-1911-499a-89d3-0bcaac56384a', '17f97035-b481-4f8c-b4a0-997cd415a419'),
	('996ca719-9e30-45e9-9c50-7004d33fcdcb', '14_1580701422', '5bc59330-f698-4fd3-a9fd-8b262fef7b7d', '2d491fa6-ca93-43db-bfe4-a786de3a70d6'),
	('9a161df6-158e-48b2-b3f7-f90acc7630c8', '9_1582357619', 'a63b67a0-c202-4412-b406-ad2c0afb874f', 'ffbbe178-b7a6-454a-b108-6be068eeeb9c'),
	('9bbadd86-8e75-46e7-9c10-4faecbaceef8', '14_1582735284', 'a1f04af9-1911-499a-89d3-0bcaac56384a', '2d491fa6-ca93-43db-bfe4-a786de3a70d6'),
	('9c474571-6e10-4cfa-b301-e527183dae39', '11_1583479571', '7c66de4e-eed8-45b7-915c-bf14c961bce5', 'ae54b7a6-9582-4651-b784-daed3e5079ab'),
	('9c8ed335-9078-4467-93b8-233d442f66c5', '17_1580701253', '5bc59330-f698-4fd3-a9fd-8b262fef7b7d', 'a8d00680-167c-4b6a-b07f-30e9c4f634d5'),
	('9dd3ae92-83ce-46ba-bdf5-67779ae172f0', '9_1580701588', '5bc59330-f698-4fd3-a9fd-8b262fef7b7d', 'ffbbe178-b7a6-454a-b108-6be068eeeb9c'),
	('9eea385c-23a1-43ad-ab58-8c0e644f71e6', '12_1581578578', '77253aa4-96fa-44f2-9012-bf7b4f6da061', 'be44ce99-8d16-470d-bd8c-afdded418664'),
	('9f307a3a-f155-4cac-87d8-ea13ebf7b323', '18_1583497800', 'eacf0304-09c7-4d47-8e61-f0854a4cc979', '78b8dca3-950f-47f5-bd13-774f629fa3c2'),
	('9fe1b062-fed3-48e9-9b1b-5ff5c9e1ee1a', '15_1582346947', 'a1f04af9-1911-499a-89d3-0bcaac56384a', '578c9666-a1e1-495c-94fc-a02d0240f501'),
	('9ffb98ba-7117-4f4e-a92d-b5c6f9ad71a7', '9_1580701355', '5bc59330-f698-4fd3-a9fd-8b262fef7b7d', 'ffbbe178-b7a6-454a-b108-6be068eeeb9c'),
	('a0e2e63c-7e3c-4f64-9038-48e9f7a337d4', '9_1582357402', 'a63b67a0-c202-4412-b406-ad2c0afb874f', 'ffbbe178-b7a6-454a-b108-6be068eeeb9c'),
	('a33b4713-bfa2-43e2-baa3-51346c045b5f', '9_1582607978', '2419600f-49ea-495c-a6bd-59ed1de2f20c', 'ffbbe178-b7a6-454a-b108-6be068eeeb9c'),
	('a3f7583a-1842-4398-a505-7a0a0697f26e', '10_1582357625', 'a63b67a0-c202-4412-b406-ad2c0afb874f', 'bb2834da-ed24-4b33-9897-0d2bd4e45a8f'),
	('a40123a0-5113-45b9-9a18-db560fecc69f', '14_1582357652', 'a63b67a0-c202-4412-b406-ad2c0afb874f', '2d491fa6-ca93-43db-bfe4-a786de3a70d6'),
	('a6bb929d-b24e-45bd-8396-c3e8d534e1d0', '18_1582344200', '4f249af7-2c49-4044-be9b-fbf55527b02b', '78b8dca3-950f-47f5-bd13-774f629fa3c2'),
	('a82b4329-45c5-402c-8b28-73a965133132', '17_1580701713', '5bc59330-f698-4fd3-a9fd-8b262fef7b7d', 'a8d00680-167c-4b6a-b07f-30e9c4f634d5'),
	('a831586c-66cd-4c75-8454-e8b834714524', '14_1583497962', '4579dbf3-8d61-4a4f-b0ec-b0d7055e9611', '2d491fa6-ca93-43db-bfe4-a786de3a70d6'),
	('a8c4b594-fbf5-457b-bc61-6bd300be275a', '13_1582735261', 'a1f04af9-1911-499a-89d3-0bcaac56384a', '7a43395d-22a9-4a4a-86ae-e0b8c0d4da45'),
	('a919a320-fa80-42b4-9ef2-5cec4238f185', '9_1582343846', '4f249af7-2c49-4044-be9b-fbf55527b02b', 'ffbbe178-b7a6-454a-b108-6be068eeeb9c'),
	('a98e6d18-7226-4e5b-bf2d-3f5b3f46ecd7', '11_1582735246', 'a1f04af9-1911-499a-89d3-0bcaac56384a', 'ae54b7a6-9582-4651-b784-daed3e5079ab'),
	('aa5dba27-cd3c-4c26-829a-28e92416576c', '10_1583479749', '2d88e389-edab-461f-966c-3db1190f97cf', 'bb2834da-ed24-4b33-9897-0d2bd4e45a8f'),
	('aa9240c5-030a-4ae9-8c9f-05fcad133830', '10_1580701663', '5bc59330-f698-4fd3-a9fd-8b262fef7b7d', 'bb2834da-ed24-4b33-9897-0d2bd4e45a8f'),
	('ab509a9c-54e8-4289-b2d0-e0741e4d43b8', '8_1580490689', 'dcecd04e-0ae8-4c24-ad95-04603f6352d4', '8b671136-f553-46e4-8396-8d9009885ec1'),
	('ac201ad1-4fdd-4b57-b90c-360dc28cfb6e', '17_1582605471', '7c66de4e-eed8-45b7-915c-bf14c961bce5', 'a8d00680-167c-4b6a-b07f-30e9c4f634d5'),
	('af300a97-4e33-44ac-af6b-8866682b1edb', '12_1580701385', '5bc59330-f698-4fd3-a9fd-8b262fef7b7d', 'be44ce99-8d16-470d-bd8c-afdded418664'),
	('b095af18-fc4f-428b-9f0d-40c820d1c6a3', '15_1582607791', '2419600f-49ea-495c-a6bd-59ed1de2f20c', '578c9666-a1e1-495c-94fc-a02d0240f501'),
	('b0df4b0e-5317-45bb-b116-50b0858e9a87', '12_1583479522', '7c66de4e-eed8-45b7-915c-bf14c961bce5', 'be44ce99-8d16-470d-bd8c-afdded418664'),
	('b2938129-fe4a-453b-b315-9ea5f3c427f5', '12_1583497930', '4579dbf3-8d61-4a4f-b0ec-b0d7055e9611', 'be44ce99-8d16-470d-bd8c-afdded418664'),
	('b2c5321e-2ef4-4e56-ad9f-ca67bce7735d', '13_1580490849', 'dcecd04e-0ae8-4c24-ad95-04603f6352d4', '7a43395d-22a9-4a4a-86ae-e0b8c0d4da45'),
	('b4ad4092-7a95-4e7d-a61a-8f7ddb5f5ff6', '12_1581731919', '77253aa4-96fa-44f2-9012-bf7b4f6da061', 'be44ce99-8d16-470d-bd8c-afdded418664'),
	('b6acbe61-506e-4204-a0cd-055bea497202', '17_1582357380', 'a63b67a0-c202-4412-b406-ad2c0afb874f', 'a8d00680-167c-4b6a-b07f-30e9c4f634d5'),
	('b7a42791-fbdf-4e4d-aac4-b0499ede114c', '18_1580701562', '5bc59330-f698-4fd3-a9fd-8b262fef7b7d', '78b8dca3-950f-47f5-bd13-774f629fa3c2'),
	('b7b60af7-64f2-4e39-8012-8f17f6f8a931', '14_1580701548', '5bc59330-f698-4fd3-a9fd-8b262fef7b7d', '2d491fa6-ca93-43db-bfe4-a786de3a70d6'),
	('ba806be0-cac9-417f-870d-e63d2c2cb9a0', '16_1582346778', 'a1f04af9-1911-499a-89d3-0bcaac56384a', '17f97035-b481-4f8c-b4a0-997cd415a419'),
	('bb541ad6-6353-4e92-9015-034e1b3b89f3', '9_1580701465', '5bc59330-f698-4fd3-a9fd-8b262fef7b7d', 'ffbbe178-b7a6-454a-b108-6be068eeeb9c'),
	('bc59f147-84e7-4468-a2d5-643c8086e4fa', '18_1582357472', 'a63b67a0-c202-4412-b406-ad2c0afb874f', '78b8dca3-950f-47f5-bd13-774f629fa3c2'),
	('bcb8ae47-00ed-4265-99f0-f0b2b68df869', '8_1580701190', '5bc59330-f698-4fd3-a9fd-8b262fef7b7d', '8b671136-f553-46e4-8396-8d9009885ec1'),
	('c09591fb-74aa-46ff-a0c3-4a26d3c977fc', '16_1583497771', 'eacf0304-09c7-4d47-8e61-f0854a4cc979', '17f97035-b481-4f8c-b4a0-997cd415a419'),
	('c1fad8b2-5a69-42b1-8168-bb73d5e75817', '11_1582357498', 'a63b67a0-c202-4412-b406-ad2c0afb874f', 'ae54b7a6-9582-4651-b784-daed3e5079ab'),
	('c36565bd-de03-487c-93cc-567da78b9dac', '15_1582343922', '4f249af7-2c49-4044-be9b-fbf55527b02b', '578c9666-a1e1-495c-94fc-a02d0240f501'),
	('c3760940-33ae-4c0c-ad07-9cd4589de538', '10_1581578558', '77253aa4-96fa-44f2-9012-bf7b4f6da061', 'bb2834da-ed24-4b33-9897-0d2bd4e45a8f'),
	('c4be2ae8-c3f3-4dee-b6b7-eddac55cb0d2', '9_1580701273', '5bc59330-f698-4fd3-a9fd-8b262fef7b7d', 'ffbbe178-b7a6-454a-b108-6be068eeeb9c'),
	('c5c1229a-9c60-4aaa-8246-6f790548b317', '18_1582347098', 'a1f04af9-1911-499a-89d3-0bcaac56384a', '78b8dca3-950f-47f5-bd13-774f629fa3c2'),
	('ca200876-ded4-4030-b55a-733045fb46d9', '8_1582347058', 'a1f04af9-1911-499a-89d3-0bcaac56384a', '8b671136-f553-46e4-8396-8d9009885ec1'),
	('ccf6ceba-cd37-41d0-8d89-7274e614732a', '13_1583479587', '7c66de4e-eed8-45b7-915c-bf14c961bce5', '7a43395d-22a9-4a4a-86ae-e0b8c0d4da45'),
	('cdeb2a63-b204-472d-856c-2f60977ce23d', '12_1580701676', '5bc59330-f698-4fd3-a9fd-8b262fef7b7d', 'be44ce99-8d16-470d-bd8c-afdded418664'),
	('cec7ec7e-f7c3-4cbd-80e3-68b53052f791', '12_1582605592', '7c66de4e-eed8-45b7-915c-bf14c961bce5', 'be44ce99-8d16-470d-bd8c-afdded418664'),
	('d0dac859-4b6f-4f1d-b5b7-6ee2a1dc6477', '10_1581611274', '77253aa4-96fa-44f2-9012-bf7b4f6da061', 'bb2834da-ed24-4b33-9897-0d2bd4e45a8f'),
	('d1598ceb-12a4-4575-854d-8e09ae63a239', '16_1582357572', '09e869e9-b45b-4899-8b39-bb70a7b37ec1', '17f97035-b481-4f8c-b4a0-997cd415a419'),
	('d4327ab2-73c9-4543-bc90-2df2805e590e', '8_1580701649', '5bc59330-f698-4fd3-a9fd-8b262fef7b7d', '8b671136-f553-46e4-8396-8d9009885ec1'),
	('d5b3e55d-7dc5-448d-bc69-7d4b94647513', '15_1582607907', '2419600f-49ea-495c-a6bd-59ed1de2f20c', '578c9666-a1e1-495c-94fc-a02d0240f501'),
	('d74df58c-b057-4de4-9ee0-ed58fd39e514', '8_1581353493', '77253aa4-96fa-44f2-9012-bf7b4f6da061', '8b671136-f553-46e4-8396-8d9009885ec1'),
	('d7b2cc51-3053-4d06-848c-f7e14494e0a3', '13_1580701631', '5bc59330-f698-4fd3-a9fd-8b262fef7b7d', '7a43395d-22a9-4a4a-86ae-e0b8c0d4da45'),
	('d88aa895-4d06-4e92-affd-2cb801eb795c', '17_1582735313', 'a1f04af9-1911-499a-89d3-0bcaac56384a', 'a8d00680-167c-4b6a-b07f-30e9c4f634d5'),
	('daa26ab0-2ef6-4e98-b35c-792f505b3d16', '8_1582357459', 'a63b67a0-c202-4412-b406-ad2c0afb874f', '8b671136-f553-46e4-8396-8d9009885ec1'),
	('dc97776b-75d8-4a5b-83ad-5acf5d071259', '10_1582357409', 'a63b67a0-c202-4412-b406-ad2c0afb874f', 'bb2834da-ed24-4b33-9897-0d2bd4e45a8f'),
	('dc99b84a-cbd6-4e8c-9475-3b3a917fdd95', '15_1583479529', '7c66de4e-eed8-45b7-915c-bf14c961bce5', '578c9666-a1e1-495c-94fc-a02d0240f501'),
	('df0a0d3e-be41-4574-8356-0ee3a90bd591', '13_1582346822', 'a1f04af9-1911-499a-89d3-0bcaac56384a', '7a43395d-22a9-4a4a-86ae-e0b8c0d4da45'),
	('df8da184-e73c-4adc-8b3a-96d33815e323', '10_1582357480', 'a63b67a0-c202-4412-b406-ad2c0afb874f', 'bb2834da-ed24-4b33-9897-0d2bd4e45a8f'),
	('e0c2fa54-32c3-41ad-8a3c-bed8df9288bf', '17_1583497983', '4579dbf3-8d61-4a4f-b0ec-b0d7055e9611', 'a8d00680-167c-4b6a-b07f-30e9c4f634d5'),
	('e133f204-5c16-4397-a6ad-32ed026ae8d6', '14_1582357450', 'a63b67a0-c202-4412-b406-ad2c0afb874f', '2d491fa6-ca93-43db-bfe4-a786de3a70d6'),
	('e19777c7-0a99-4dcd-8128-a174191efaf4', '17_1580701580', '5bc59330-f698-4fd3-a9fd-8b262fef7b7d', 'a8d00680-167c-4b6a-b07f-30e9c4f634d5'),
	('e32dcacb-51af-4b4d-a0b2-645185fcc9c7', '8_1582346749', 'a1f04af9-1911-499a-89d3-0bcaac56384a', '8b671136-f553-46e4-8396-8d9009885ec1'),
	('e5e1edb0-690a-4c2b-88ec-a4e5908be8cc', '9_1582357465', 'a63b67a0-c202-4412-b406-ad2c0afb874f', 'ffbbe178-b7a6-454a-b108-6be068eeeb9c'),
	('e8149071-5c52-45d5-9a7a-9ddd59e07d42', '14_1583479595', '7c66de4e-eed8-45b7-915c-bf14c961bce5', '2d491fa6-ca93-43db-bfe4-a786de3a70d6'),
	('e999434b-ed6c-4378-8339-7892b719e234', '13_1582608016', '2419600f-49ea-495c-a6bd-59ed1de2f20c', '7a43395d-22a9-4a4a-86ae-e0b8c0d4da45'),
	('ec3c7736-9dd7-4d8d-837c-49012b984b0c', '18_1580701719', '5bc59330-f698-4fd3-a9fd-8b262fef7b7d', '78b8dca3-950f-47f5-bd13-774f629fa3c2'),
	('ec70ba69-1b55-4572-a8e2-e73c2cd33060', '14_1581732003', '77253aa4-96fa-44f2-9012-bf7b4f6da061', '2d491fa6-ca93-43db-bfe4-a786de3a70d6'),
	('ed571e57-6d79-444f-b601-9248ec0dbf5d', '9_1582605486', '7c66de4e-eed8-45b7-915c-bf14c961bce5', 'ffbbe178-b7a6-454a-b108-6be068eeeb9c'),
	('ed5c6dd8-2434-444b-9d10-4a178739a76f', '8_1583497802', '4579dbf3-8d61-4a4f-b0ec-b0d7055e9611', '8b671136-f553-46e4-8396-8d9009885ec1'),
	('ed7c4aef-cbb7-4e7a-abbb-399242d006fb', '14_1582346967', 'a1f04af9-1911-499a-89d3-0bcaac56384a', '2d491fa6-ca93-43db-bfe4-a786de3a70d6'),
	('ed814f15-0a68-447c-8ff0-2e622e6722fb', '11_1582357416', 'a63b67a0-c202-4412-b406-ad2c0afb874f', 'ae54b7a6-9582-4651-b784-daed3e5079ab'),
	('edcfbc12-f0b4-440c-a34d-71efebc53d90', '16_1580490785', 'dcecd04e-0ae8-4c24-ad95-04603f6352d4', '17f97035-b481-4f8c-b4a0-997cd415a419'),
	('ee227e3e-255f-4bdf-be94-4b5f705f609e', '8_1582735217', 'a1f04af9-1911-499a-89d3-0bcaac56384a', '8b671136-f553-46e4-8396-8d9009885ec1'),
	('efe00bac-4023-483c-b468-b71b84d31c70', '8_1582357593', 'a63b67a0-c202-4412-b406-ad2c0afb874f', '8b671136-f553-46e4-8396-8d9009885ec1'),
	('f04f7136-aabf-4152-b1e6-7a54572a467e', '12_1582346999', 'a1f04af9-1911-499a-89d3-0bcaac56384a', 'be44ce99-8d16-470d-bd8c-afdded418664'),
	('f0df0732-f898-40c0-8cae-86b5ea7bcfe3', '13_1582357646', 'a63b67a0-c202-4412-b406-ad2c0afb874f', '7a43395d-22a9-4a4a-86ae-e0b8c0d4da45'),
	('f14428e5-d59f-48c0-a39a-d5b750f1e527', '13_1580701402', '5bc59330-f698-4fd3-a9fd-8b262fef7b7d', '7a43395d-22a9-4a4a-86ae-e0b8c0d4da45'),
	('f26d7ae3-935d-4759-9764-5c76235913c7', '18_1582607876', '2419600f-49ea-495c-a6bd-59ed1de2f20c', '78b8dca3-950f-47f5-bd13-774f629fa3c2'),
	('f272701a-80fb-4e6d-be7b-6e35989bed5a', '17_1581578496', '77253aa4-96fa-44f2-9012-bf7b4f6da061', 'a8d00680-167c-4b6a-b07f-30e9c4f634d5'),
	('f3397773-3739-48a7-b188-af97889c1c40', '8_1580490855', 'dcecd04e-0ae8-4c24-ad95-04603f6352d4', '8b671136-f553-46e4-8396-8d9009885ec1'),
	('f3a42542-076a-49cb-8fac-c1cec45ec5d7', '12_1583497771', '4579dbf3-8d61-4a4f-b0ec-b0d7055e9611', 'be44ce99-8d16-470d-bd8c-afdded418664'),
	('f57e2bb5-fb6e-463c-83cb-78b00f06c54c', '18_1582605538', '7c66de4e-eed8-45b7-915c-bf14c961bce5', '78b8dca3-950f-47f5-bd13-774f629fa3c2'),
	('fbbaea0f-c6cc-4222-871a-832f5bc5c878', '11_1582357632', 'a63b67a0-c202-4412-b406-ad2c0afb874f', 'ae54b7a6-9582-4651-b784-daed3e5079ab'),
	('fc1c0483-8d42-431e-8b4e-7268d018f5a3', '8_1583479468', '2d88e389-edab-461f-966c-3db1190f97cf', '8b671136-f553-46e4-8396-8d9009885ec1'),
	('ff06a6ec-3a0d-4184-815b-d7ab7ecc8a67', '17_1581611325', '77253aa4-96fa-44f2-9012-bf7b4f6da061', 'a8d00680-167c-4b6a-b07f-30e9c4f634d5');
/*!40000 ALTER TABLE `audios` ENABLE KEYS */;

-- Dumping data for table dataset_app_db.speakers: ~18 rows (approximately)
/*!40000 ALTER TABLE `speakers` DISABLE KEYS */;
INSERT INTO `speakers` (`Guid`, `Name`, `Age`, `IsMale`) VALUES
	('09e869e9-b45b-4899-8b39-bb70a7b37ec1', '556156691', 17, 1),
	('2419600f-49ea-495c-a6bd-59ed1de2f20c', '1032739465', 21, 1),
	('2d88e389-edab-461f-966c-3db1190f97cf', '1041582758', 22, 1),
	('3b9e33b4-3412-4e66-a4bf-1fc6c234c9a8', '920535836', 21, 1),
	('4579dbf3-8d61-4a4f-b0ec-b0d7055e9611', '873424834', 22, 1),
	('4f249af7-2c49-4044-be9b-fbf55527b02b', '994195054', 21, 1),
	('5bc59330-f698-4fd3-a9fd-8b262fef7b7d', '637398509', 23, 1),
	('74dd77e5-7099-4658-9331-ae03257a8864', '1028763588', 18, 1),
	('77253aa4-96fa-44f2-9012-bf7b4f6da061', '703316809', 24, 1),
	('7c66de4e-eed8-45b7-915c-bf14c961bce5', '355694117', 21, 1),
	('8a378e3f-c71c-4626-97d5-afafaf884da5', '859444681', 21, 1),
	('a1f04af9-1911-499a-89d3-0bcaac56384a', '786653824', 22, 1),
	('a63b67a0-c202-4412-b406-ad2c0afb874f', '1025184634', 21, 1),
	('a809550a-2419-442b-8e12-3bee057343dc', '646945370', 21, 1),
	('c3729c73-8924-489a-b16e-29cd7b69bfb2', 'Test', 10, 0),
	('dcecd04e-0ae8-4c24-ad95-04603f6352d4', '401104008', 28, 1),
	('eacf0304-09c7-4d47-8e61-f0854a4cc979', '1070067115', 20, 1),
	('f4059884-996f-40a4-953e-5ee044840285', '487176253', 23, 1);
/*!40000 ALTER TABLE `speakers` ENABLE KEYS */;

-- Dumping data for table dataset_app_db.texts: ~11 rows (approximately)
/*!40000 ALTER TABLE `texts` DISABLE KEYS */;
INSERT INTO `texts` (`Guid`, `Value`, `Id`, `ExpectedTime`, `Description`) VALUES
	('17f97035-b481-4f8c-b4a0-997cd415a419', 'ҳафт', '16', 1, '7'),
	('2d491fa6-ca93-43db-bfe4-a786de3a70d6', 'панҷ', '14', 1, '5'),
	('578c9666-a1e1-495c-94fc-a02d0240f501', 'шаш', '15', 1, '6'),
	('78b8dca3-950f-47f5-bd13-774f629fa3c2', 'нуҳ', '18', 1, '9'),
	('7a43395d-22a9-4a4a-86ae-e0b8c0d4da45', 'чор', '13', 1, '4'),
	('8b671136-f553-46e4-8396-8d9009885ec1', 'сифр', '8', 1, '0'),
	('a8d00680-167c-4b6a-b07f-30e9c4f634d5', 'ҳашт', '17', 1, '8'),
	('ae54b7a6-9582-4651-b784-daed3e5079ab', 'ду', '11', 1, '2'),
	('bb2834da-ed24-4b33-9897-0d2bd4e45a8f', 'як', '10', 1, '1'),
	('be44ce99-8d16-470d-bd8c-afdded418664', 'се', '12', 1, '3'),
	('ffbbe178-b7a6-454a-b108-6be068eeeb9c', 'нол', '9', 1, '0');
/*!40000 ALTER TABLE `texts` ENABLE KEYS */;

-- Dumping data for table dataset_app_db.word: ~11 rows (approximately)
/*!40000 ALTER TABLE `word` DISABLE KEYS */;
INSERT INTO `word` (`Guid`, `Value`, `Phonemes`) VALUES
	('37448904-b23a-4fc4-b8ee-c89992144d87', 'ҳашт', 'H A SH T'),
	('568fe364-4148-4e41-94b3-6c175780edd9', 'сифр', 'S I F R'),
	('5cbc480b-5f71-4279-957a-1edb1391efb8', 'нуҳ', 'N U H'),
	('669b6ce5-d528-4fb3-9ece-478d56a24ca8', 'нол', 'N O L'),
	('7307702a-a9fc-4d41-8f83-774396006b24', 'як', 'YA K'),
	('79234e4d-e9f7-4a64-9de2-7788ea93e7a9', 'ҳафт', 'H A F T'),
	('90c0d7cd-0710-4af7-890a-576d1887ca9e', 'панҷ', 'P A N J'),
	('c487cd65-c932-44f7-bf44-00a0f17ad361', 'шаш', 'SH A SH'),
	('d41f9f71-8a50-491e-a8b9-4c4a518d0232', 'се', 'S E'),
	('d843f188-7d80-470a-bfc6-36bf9e455906', 'ду', 'D U'),
	('dc9a5a92-e696-4def-9500-c9d7475f58d1', 'чор', 'CH O R');
/*!40000 ALTER TABLE `word` ENABLE KEYS */;

/*!40101 SET SQL_MODE=IFNULL(@OLD_SQL_MODE, '') */;
/*!40014 SET FOREIGN_KEY_CHECKS=IF(@OLD_FOREIGN_KEY_CHECKS IS NULL, 1, @OLD_FOREIGN_KEY_CHECKS) */;
/*!40101 SET CHARACTER_SET_CLIENT=@OLD_CHARACTER_SET_CLIENT */;
